Area,Storage Unit,Shelf/Container,Category,Item,Theme/Design,Notes
Craft Room,Cart 1,Shelf 1,Equipment,Pink Cricut Explore Air 2 Machine,,
Craft Room,Cart 1,Shelf 1,Equipment,Ryobi Cordless Glue Gun,,
Craft Room,Cart 1,Shelf 1,Paper,8.5 x 11 Printer paper - 20lb.,,
Craft Room,Cart 1,Shelf 1,Vinyl,Printable Vinyl,,
Craft Room,Cart 1,Shelf 1,Lamination,8.5 x 11 Heat Laminate Pouches - Clear ,,
Craft Room,Cart 1,Shelf 1,Equipment,Cricut Large Press,,
Craft Room,Cart 1,Shelf 1,Equipment,Cricut Mini Press,,
Craft Room,Cart 1,Shelf 1,Equipment,Electric Pencil Sharpener,,
Craft Room,Cart 1,Shelf 1,Accessories,Ryobi Cordless Batteries and Charger,,
Craft Room,Cart 1,Shelf 2,Lamination,Self-Seal Laminate Sheets - Holographic,,
Craft Room,Cart 1,Shelf 2,Cardstock,12 x 12 Designer Cardstock,,
Craft Room,Cart 1,Shelf 2,Lamination,8.5 x 11 Self-Seal Laminate Sheets - Clear,,
Craft Room,Cart 1,Shelf 3,Labels,8.5 x 11 Printable Waterproof Sticker Vinyl,,
Craft Room,Cart 1,Shelf 3,Labels,8.5 x 11 Sticker Paper - Yellow Backing,,
Craft Room,Cart 1,Shelf 3,Paper,8.5 x 11 Light & Dark Transfer Paper,,
Craft Room,Cart 1,Shelf 3,Vinyl,8.5 x 11 Printable Heat Transfer - Light Fabric,,
Craft Room,Cart 1,Shelf 3,Vinyl,8.5 x 11 Printable Heat Transfer - Dark Fabric,,
Craft Room,Cart 1,Shelf 3,Vinyl,8.5 x 11 Printable Sticker Vinyl  - Glossy White,,
Craft Room,Cart 1,Shelf 3,Paper,8.5 x 11 Printable Clear Sticker Paper - Matte,,
Craft Room,Cart 1,Shelf 3,Paper,8.5 x 11 Printable Clear Sticker Paper - Glossy,,
Craft Room,Cart 1,Shelf 3,Adhesives & Tape,12 x 12 Double-Side Adhesives & Tape Sheets,,
Craft Room,Cart 1,Shelf 3,Equipment,Brother MFC-J4535DW Investment Tank Printer,,
Craft Room,Cart 1,Shelf 3,Paper,8.5 x 11 Glossy Photo Paper,,
Craft Room,Cart 1,Shelf 4,Equipment,Laminator,,
Craft Room,Cart 1,Shelf 4,Equipment,Cricut Maker 4 - Sage,,
Craft Room,Cart 1,Shelf 4,Accessories,Self-Healing Cut Mat - 18in.,,
Craft Room,Cart 1,Shelf 4,Writing & Drawing Tools,Cricut Fine Point Pens - 30ct. Assorted Colors,,
Craft Room,Cart 1,Shelf 4,Cricut accessories,Cricut Scoring Stylus,,
Craft Room,Cart 1,Shelf 4,Vinyl Tools,Vinyl Weeder,,
Craft Room,Cart 1,Shelf 4,Paper Crafting Tools,Quilling Tool,,
Craft Room,Cart 1,Shelf 5,Embellishments,Pre-Made Paper Flowers,,
Craft Room,Cart 1,Shelf 2,Printer Supplies,Investment Tank Ink Refill - Black,,
Craft Room,Cart 1,Side Hook,Accessories,Various 12 x 12 Cut mats,,
Craft Room,Cart 2,Shelf 1,Tools & Hardware,Heat Gun,,
Craft Room,Cart 2,Shelf 4/Container 11,Cardstock,8.5 x 11 Kraft Cardstock,,
Craft Room,Cart 2,Shelf 4/Container 11,Cardstock,8.5 x 11 Black Cardstock,,Currently out of stock
Craft Room,Cart 2,Shelf 4/Container 11,Cardstock,8.5 x 11 Pink Cardstock,,
Craft Room,Cart 2,Shelf 4/Container 11,Cardstock,8.5 x 11 Orange Cardstock,,
Craft Room,Cart 2,Shelf 5,Paper,8.5 x 11 Printer Paper - 32lb.,,
Craft Room,Cart 2,Shelf 5,Cardstock,12 x 12 Heavy Chipboard,,
Craft Room,Cart 2,Shelf 2,Designer Cardstock,12 x 12 True Blue Paper Pad by Recollections,Blue and Gold Florals,
Craft Room,Cart 2,Shelf 3,Unknown,To be identified,,
Craft Room,Cart 3,Shelf 1,Accessories,Guillotine Paper Cutter,,
Craft Room,Cart 3,Shelf 2,Unknown,To be identified,,
Craft Room,Cart 3,Shelf 3,Unknown,To be identified,,
Craft Room,Cart 3,Shelf 4,Unknown,To be identified,,
Craft Room,Cart 3,Shelf 5,Unknown,To be identified,,
Craft Room,Cart 4,Shelf 1,Unknown,To be identified,,
Craft Room,Cart 4,Shelf 2,Unknown,To be identified,,
Craft Room,Cart 4,Shelf 3,Unknown,To be identified,,
Craft Room,Cart 4,Shelf 4,Unknown,To be identified,,
Craft Room,Cart 4,Shelf 5,Unknown,To be identified,,
Craft Room,Cart 5,Shelf 1,Paper Crafting Tools,We R Memory Keepers Tear Guide Rulers,,
Craft Room,Cart 5,Shelf 1,Measuring & Marking Tools,"60"" White Tape Measure",,
Craft Room,Cart 5,Shelf 1,Measuring & Marking Tools,"60"" Pink Tape Measure",,
Craft Room,Cart 5,Shelf 1,Paper Crafting Tools,We R Memory Keepers Discbound Punch,,
Craft Room,Cart 5,Shelf 1,Paper Crafting Tools,Corner Rounder Punch,,
Craft Room,Cart 5,Shelf 1,Measuring & Marking Tools,"60"" Retractable Tape Measure",,
Craft Room,Cart 5,Shelf 1,Tools & Hardware,Multi-Purpose Spring Binder Clips - Assorted Colors,,
Craft Room,Cart 5,Shelf 1,Measuring & Marking Tools,12in. T-Square Ruler,,
Craft Room,Cart 5,Shelf 2,Adhesives & Tape,Bearly Art Precision Craft Glue,,
Craft Room,Cart 5,Shelf 2,Adhesives & Tape,Tombow Mono liquid glue,,
Craft Room,Cart 5,Shelf 2,Adhesives & Tape,Fabric-Tac Permanent Fabric Adhesives & Tape,,
Craft Room,Cart 5,Shelf 2,Adhesives & Tape,E-6000,,
Craft Room,Cart 5,Shelf 2,Adhesives & Tape,Un-du Adhesives & Tape Remover,,
Craft Room,Cart 5,Shelf 2,Adhesives & Tape,Aleene's Tacky Glue,,
Craft Room,Cart 5,Shelf 2,Adhesives & Tape,Art Glitter Glue,,
Craft Room,Cart 5,Shelf 2,Adhesives & Tape,Heat Transfer Tape - 1/2in.,,
Craft Room,Cart 5,Shelf 2,Adhesives & Tape,Heat Transfer Tape - 1/4in.,,
Craft Room,Cart 5,Shelf 2,Adhesives & Tape,Mini Hot Glue Sticks,,
Craft Room,Cart 5,Shelf 2,Adhesives & Tapes & Tape,White Correction Tape,,
Craft Room,Cart 5,Shelf 3,Unknown,To be identified,,
Craft Room,Cart 6,Drawer 1,adhesives & Tape,Washi Tape,,
Craft Room,Cart 6,Drawer 2,adhesives & Tape,Washi Tape,,
Craft Room,Cart 6,Drawer 3,adhesives & Tape,Washi Tape,,
Craft Room,Cart 6,Drawer 4,adhesives & Tape,Washi Tape,,
Craft Room,Cart 6,Drawer 5,adhesives & Tape,Washi Tape,,
Craft Room,Cart 6,Drawer 6,adhesives & Tape,Washi Tape,,
Craft Room,Cart 6,Drawer 7,adhesives & Tape,Washi Tape,,
Craft Room,Cart 6,Drawer 8,adhesives & Tape,Washi Tape,,
Craft Room,Cart 6,Drawer 9,adhesives & Tape,Washi Tape,,
Craft Room,Cart 6,Drawer 10,adhesives & Tape,Washi Tape,,
Craft Room,Cart 2,Shelf 2,Designer Cardstock,12 x 12 Coquette Paper Pad by The Paper Studio,"Black, Pink, Blue Coquettes",
Craft Room,Cart 2,Shelf 2,Designer Cardstock,12 x 12 Misty Morning Paper Pad by Recollections,Blue Florals and Fluers,
Craft Room,Cart 2,Shelf 2,Designer Cardstock,12 x 12 Pumpkin Vines Paper Pad by Recollections,Blue and Cream Pumpkins/Fall,
Craft Room,Cart 2,Shelf 2,Designer Cardstock,12 x 12 Fall Orchard Paper Pad by Recollections,Apples and Florals/Fall,
Craft Room,Cart 2,Shelf 2,Designer Cardstock,12 x 12 Cottage Flowers Paper Pad by Recollections,Pumpkins and Sunflowers/Fall,3 pads
Craft Room,Cart 2,Shelf 2,Designer Cardstock,12 x 12 Sweet Harvest Paper Pad by Craft Smith,Orange/Pink Pumpkins and Florals/Fall,
Craft Room,Cart 2,Shelf 2,Designer Cardstock,12 x 12 Wallflowers Paper Pad by Recollections,Blue/Pink/Gold Florals,4 Pads
Craft Room,Cart 2,Shelf 2,Designer Cardstock,12 x 12 Specialty Pinks Paper Pad by Recollections,Pink Glitter/Metallics/Acetate,
Craft Room,Cart 2,Shelf 2,Designer Cardstock,12 x 12 Sweet Baby Girl Paper Pad by Recollections,,
Craft Room,Cart 2,Shelf 2,Designer Cardstock,12 x 12 Front Porch Paper Pad by Recollections,Fall Pumpkins and Ghords,
Craft Room,Cart 2,Shelf 2,Designer Cardstock,12 x 12 Night Before Christmas Paper Pad by Recollections ,Red/Green Poinsettias/Trees/Plaids,
Craft Room,Cart 2,Shelf 2,Designer Cardstock,12 x 12 In Bloom Paper Pad by Craft Smart,Floral Spring Pastels/Gold,
Craft Room,Cart 2,Shelf 2,Designer Cardstock,12 x 12 Fall Orchard Paper Pad by Recollections,Apples and Pie/Fall,
Craft Room,Cart 2,Shelf 2,Designer Cardstock,12 x 12 Bloomsbury Paper Pad by Craft Smith,Blue/Pink Florals,
Craft Room,Cart 2,Shelf 2,Designer Cardstock,12 x 12 Butterfly Study Paper Pad by Craft Smith,Butterfly/Green/Metallic,
Craft Room,Cart 1,Shelf 2,Equipment,Cricut Joy ,,
Craft Room,Cart 2,Shelf 2,Designer Cardstock,12 x 12 Sweet Ambrosia Paper Pad by Recollections,Vintage/Butterflies/Birds,
Craft Room,Cart 2,Shelf 2,Designer Cardstock,12 x 12 Dark Watercolor Florals Paper Pad by Recollections,Navy/White/Black/Metallic/Floral,2 pads
Craft Room,Cart 2,Shelf 2,Designer Cardstock,12 x 12 Moody Floral Paper Pad by Recollections,Deep Purple/Green/Gold,
